{
  "title": "大標題",
  "lengthX": 200,
  "lengthY": 100,
  "intervalChart": 20,
  "axisX": {
    "title": "X軸標題",
    "data": [
      1850,
      1851,
      1852,
      1853,
      1854,
      1855,
      1856,
      1857,
      1858,
      1859
    ],
    "boundaryValue": [
      {
        "min": 0,
        "max": 0
      }
    ]
  },
  "chart": [
    {
      "title": "圖表標題",
      "axisY": [
        {
          "title": "Y軸標題",
          "data": [
            [
              0.08016,
              0.08014,
              0.08018,
              0.08043,
              0.09623,
              0.0835,
              0.08332,
              0.08968,
              0.08196,
              0.08087
            ],
            [
              0.08016,
              0.08014,
              0.08018,
              0.08043,
              0.080505,
              0.080525,
              0.080615,
              0.0807875,
              0.0808925,
              0.08087
            ]
          ],
          "boundaryValue": [
            {
              "min": 0,
              "max": 0
            }
          ]
        }
      ],
      "line": [
        {
          "position": [
            {
              "x": 0,
              "y": 0
            }
          ]
        }
      ]
    },
    {
      "title": "圖表標題",
      "axisY": [
        {
          "title": "Y軸標題",
          "data": [
            [
              287.1153,
              287.3275,
              287.3598,
              287.2551,
              287.0378,
              287.2133,
              287.276,
              287.1097,
              287.1465,
              287.2554
            ],
            [
              287.0934,
              287.2404,
              287.2823,
              287.1155,
              287.1754,
              287.3071,
              287.1332,
              287.1254,
              287.283,
              287.4004
            ]
          ],
          "boundaryValue": [
            {
              "min": 0,
              "max": 0
            }
          ]
        }
      ],
      "line": [
        {
          "position": [
            {
              "x": 0,
              "y": 0
            }
          ]
        }
      ]
    }
  ]
}
